id;status;progress;fees;commission_amount;rating;start_date;end_date;start_time;end_time;amount_received;user_id;mentor_id;skill_id;razorpay_payment_id
1;mobile Fish;77969;59865;59685;15601;2019-10-27;2019-10-28;2019-10-28T07:46:48;2019-10-28T08:47:07;45924;86617;33370;60111;alarm
2;Tasty Metal Bacon;93855;21233;77;18182;2019-10-27;2019-10-28;2019-10-27T19:21:36;2019-10-28T02:52:39;61165;52475;706;43194;intangible
3;enable Gorgeous Frozen Pants;23277;45606;9060;78517;2019-10-27;2019-10-28;2019-10-28T01:00:01;2019-10-27T21:50:16;98323;59241;46676;4645;Credit Card Account Table Small Frozen Sausages
4;South Dakota envisioneer Music;23089;68423;24102;44015;2019-10-27;2019-10-28;2019-10-27T19:32:23;2019-10-27T22:17:43;83319;3438;17336;90932;Digitized invoice
5;convergence;20794;54671;56770;18485;2019-10-28;2019-10-27;2019-10-27T13:57:53;2019-10-27T15:34:35;44975;93949;39515;89482;Credit Card Account National Awesome
6;Aruba;96117;32533;84453;38867;2019-10-27;2019-10-28;2019-10-27T21:13:37;2019-10-27T14:17:24;58675;35675;96525;28093;Faroe Islands Plastic
7;Car Industrial deliverables;39488;19871;29348;552;2019-10-28;2019-10-27;2019-10-28T05:24:26;2019-10-27T17:12:54;71134;72900;79017;77127;Unbranded Plastic Tuna Frozen
8;generating Highway Ergonomic;37081;31098;66884;32518;2019-10-27;2019-10-27;2019-10-27T19:59:18;2019-10-27T18:52:41;27472;88721;56124;47221;Frozen bus
9;hard drive Robust Networked;4043;52273;71066;42754;2019-10-28;2019-10-28;2019-10-27T23:38:07;2019-10-28T07:35:24;20171;3142;89576;63641;knowledge base Buckinghamshire
10;Concrete Investment Account Saint Lucia;20306;22879;94285;7697;2019-10-27;2019-10-28;2019-10-27T17:30:17;2019-10-28T06:18:36;88046;92969;62435;80812;deposit
